0,1,2,3,date
0.5,0.0,0.5,0.0,2018-03-18
0.5,0.0,0.5,0.0,2018-03-19
0.5,0.0,0.5,0.0,2018-03-20
0.5,0.0,0.5,0.0,2018-03-21
0.5,0.0,0.5,0.0,2018-03-22
0.5,0.0,0.5,0.0,2018-03-23
0.5,0.0,0.5,0.0,2018-03-24
0.5,0.0,0.5,0.0,2018-03-25
0.5,0.0,0.5,0.0,2018-03-26
0.5,0.0,0.5,0.0,2018-03-27
0.8196000000000002,0.256350814315071,0.8961833333333334,0.13159581321438593,2018-03-28
0.8652000000000001,0.17016211521530122,0.5714272727272727,0.3382006588104682,2018-03-29
0.7406545454545455,0.3496475117591127,0.7277636363636364,0.2009652673416129,2018-03-30
0.5,0.0,0.5,0.0,2018-03-31
0.5,0.0,0.5,0.0,2018-04-01
0.5,0.0,0.5,0.0,2018-04-02
0.5,0.0,0.5,0.0,2018-04-03
0.5,0.0,0.5,0.0,2018-04-04
0.5,0.0,0.5,0.0,2018-04-05
0.5,0.0,0.5,0.0,2018-04-06
0.5,0.0,0.5,0.0,2018-04-07
0.5,0.0,0.5,0.0,2018-04-08
0.5,0.0,0.5,0.0,2018-04-09
0.462625,0.21341492889439576,0.441675,0.3368985631833416,2018-04-10
0.5,0.0,0.5,0.0,2018-04-11
0.25247272727272724,0.28107016946892327,0.7956181818181818,0.13602030475552215,2018-04-12
0.5,0.0,0.5,0.0,2018-04-13
0.5,0.0,0.5,0.0,2018-04-14
0.5,0.0,0.5,0.0,2018-04-15
0.5,0.0,0.5,0.0,2018-04-16
0.5,0.0,0.5,0.0,2018-04-17
0.5,0.0,0.5,0.0,2018-04-18
0.5,0.0,0.5,0.0,2018-04-19
0.5,0.0,0.5,0.0,2018-04-20
0.5,0.0,0.5,0.0,2018-04-21
0.5,0.0,0.5,0.0,2018-04-22
0.5,0.0,0.5,0.0,2018-04-23
0.5,0.0,0.5,0.0,2018-04-24
0.5,0.0,0.5,0.0,2018-04-25
0.5,0.0,0.5,0.0,2018-04-26
0.48490909090909096,0.3134482629617191,0.698609090909091,0.2303543375464119,2018-04-27
0.5,0.0,0.5,0.0,2018-04-28
0.5,0.0,0.5,0.0,2018-04-29
0.5,0.0,0.5,0.0,2018-04-30
0.915790909090909,0.16307683885794705,0.4689,0.3368495779748257,2018-05-01
0.5,0.0,0.5,0.0,2018-05-02
0.5,0.0,0.5,0.0,2018-05-03
0.5,0.0,0.5,0.0,2018-05-04
0.5,0.0,0.5,0.0,2018-05-05
0.5,0.0,0.5,0.0,2018-05-06
0.5,0.0,0.5,0.0,2018-05-07
0.6431500000000001,0.3833572583113563,0.409825,0.26472672112010154,2018-05-08
0.8843833333333334,0.16926895183569712,0.6485333333333333,0.30183371065685966,2018-05-09
0.5,0.0,0.5,0.0,2018-05-10
0.5,0.0,0.5,0.0,2018-05-11
0.5,0.0,0.5,0.0,2018-05-12
0.5,0.0,0.5,0.0,2018-05-13
0.5,0.0,0.5,0.0,2018-05-14
0.5,0.0,0.5,0.0,2018-05-15
0.5,0.0,0.5,0.0,2018-05-16
0.5,0.0,0.5,0.0,2018-05-17
0.5,0.0,0.5,0.0,2018-05-18
0.5,0.0,0.5,0.0,2018-05-19
0.5,0.0,0.5,0.0,2018-05-20
0.5,0.0,0.5,0.0,2018-05-21
0.5,0.0,0.5,0.0,2018-05-22
0.7460374999999999,0.28134816481319014,0.7114,0.25859108646664525,2018-05-23
0.5,0.0,0.5,0.0,2018-05-24
0.5,0.0,0.5,0.0,2018-05-25
0.5,0.0,0.5,0.0,2018-05-26
0.5,0.0,0.5,0.0,2018-05-27
0.5,0.0,0.5,0.0,2018-05-28
0.5,0.0,0.5,0.0,2018-05-29
0.5,0.0,0.5,0.0,2018-05-30
0.42400000000000004,0.36140800665276807,0.4772545454545455,0.3098948395347169,2018-05-31
0.4028181818181818,0.3632794011580964,0.5633545454545453,0.29911616886978687,2018-06-01
0.5,0.0,0.5,0.0,2018-06-02
0.5,0.0,0.5,0.0,2018-06-03
0.5,0.0,0.5,0.0,2018-06-04
0.5,0.0,0.5,0.0,2018-06-05
0.5,0.0,0.5,0.0,2018-06-06
0.3292,0.19699999999999998,0.7486,0.1381,2018-06-07
0.43498000000000003,0.35055978320394937,0.32616,0.3700680564436763,2018-06-08
0.5,0.0,0.5,0.0,2018-06-09
0.5,0.0,0.5,0.0,2018-06-10
0.5,0.0,0.5,0.0,2018-06-11
0.3545363636363636,0.38388249924051043,0.23957272727272727,0.3011195114324033,2018-06-12
0.3706181818181818,0.3551546060730116,0.3401727272727273,0.2847784596390327,2018-06-13
0.5,0.0,0.5,0.0,2018-06-14
0.5,0.0,0.5,0.0,2018-06-15
0.5,0.0,0.5,0.0,2018-06-16
0.5,0.0,0.5,0.0,2018-06-17
0.5,0.0,0.5,0.0,2018-06-18
0.5033090909090909,0.4234262980937242,0.4631090909090908,0.31153521165218795,2018-06-19
0.9557909090909091,0.1358633970009145,0.8959272727272727,0.12047493206554773,2018-06-20
0.5,0.0,0.5,0.0,2018-06-21
0.55982,0.21157144797916377,0.36256000000000005,0.2998661207939303,2018-06-22
0.5,0.0,0.5,0.0,2018-06-23
0.5,0.0,0.5,0.0,2018-06-24
0.5,0.0,0.5,0.0,2018-06-25
0.5,0.0,0.5,0.0,2018-06-26
0.5,0.0,0.5,0.0,2018-06-27
0.8077833333333334,0.24941180416242442,0.8665333333333334,0.1307908593476199,2018-06-28
0.4762000000000001,0.3329816261197205,0.8095333333333333,0.11162334980738672,2018-06-29
0.5243333333333333,0.31941618966831065,0.6382333333333333,0.19523193613978448,2018-06-30
0.5,0.0,0.5,0.0,2018-07-01
0.5,0.0,0.5,0.0,2018-07-02
0.5,0.0,0.5,0.0,2018-07-03
0.5,0.0,0.5,0.0,2018-07-04
0.5,0.0,0.5,0.0,2018-07-05
0.5,0.0,0.5,0.0,2018-07-06
0.27859090909090906,0.38645200679220054,0.17020000000000002,0.1936494208145694,2018-07-07
0.5,0.0,0.5,0.0,2018-07-08
0.27859090909090906,0.38645200679220054,0.1701,0.1937265035606078,2018-07-09
0.5,0.0,0.5,0.0,2018-07-10
0.5,0.0,0.5,0.0,2018-07-11
0.5,0.0,0.5,0.0,2018-07-12
0.5,0.0,0.5,0.0,2018-07-13
0.5,0.0,0.5,0.0,2018-07-14
0.5,0.0,0.5,0.0,2018-07-15
0.5,0.0,0.5,0.0,2018-07-16
0.13693636363636366,0.2514581232901317,0.2341,0.1699200293186073,2018-07-17
0.5,0.0,0.5,0.0,2018-07-18
0.5,0.0,0.5,0.0,2018-07-19
0.7177428571428572,0.2447884034201367,0.5492714285714285,0.31135221999844354,2018-07-20
0.5,0.0,0.5,0.0,2018-07-21
0.5,0.0,0.5,0.0,2018-07-22
0.5,0.0,0.5,0.0,2018-07-23
0.711125,0.19090468007620975,0.8231625,0.1596890958824365,2018-07-24
0.5,0.0,0.5,0.0,2018-07-25
0.6356111111111111,0.3902607858697237,0.5244666666666666,0.24450407404013175,2018-07-26
0.5,0.0,0.5,0.0,2018-07-27
0.5,0.0,0.5,0.0,2018-07-28
0.5,0.0,0.5,0.0,2018-07-29
0.5,0.0,0.5,0.0,2018-07-30
0.19171818181818184,0.23451223584352818,0.47281818181818186,0.3014433365061615,2018-07-31
0.5,0.0,0.5,0.0,2018-08-01
0.5,0.0,0.5,0.0,2018-08-02
0.5,0.0,0.5,0.0,2018-08-03
0.5,0.0,0.5,0.0,2018-08-04
0.5,0.0,0.5,0.0,2018-08-05
0.7071272727272727,0.30376119235918053,0.29810909090909093,0.22304646256511204,2018-08-06
0.7267833333333332,0.18931982126080252,0.4378166666666667,0.3198763272301066,2018-08-07
0.5,0.0,0.5,0.0,2018-08-08
0.5,0.0,0.5,0.0,2018-08-09
0.5,0.0,0.5,0.0,2018-08-10
0.5,0.0,0.5,0.0,2018-08-11
0.5,0.0,0.5,0.0,2018-08-12
0.5,0.0,0.5,0.0,2018-08-13
0.5,0.0,0.5,0.0,2018-08-14
0.5,0.0,0.5,0.0,2018-08-15
0.43208181818181823,0.4285075045872631,0.5208909090909091,0.2623886376924173,2018-08-16
0.8882181818181819,0.20121527512132065,0.7683818181818183,0.17279391728657487,2018-08-17
0.5834909090909092,0.40131092786821326,0.5470090909090909,0.33106198940145076,2018-08-18
0.7052624999999999,0.344778261849192,0.786025,0.3067977784714224,2018-08-19
0.4938,0.03240000000000001,0.7502500000000001,0.13974999999999999,2018-08-20
0.5,0.0,0.5,0.0,2018-08-21
0.5,0.0,0.5,0.0,2018-08-22
0.7434727272727273,0.22025314811870078,0.3246272727272727,0.21891617362447247,2018-08-23
0.7643818181818183,0.3568937193929711,0.5889545454545454,0.2787095013014491,2018-08-24
0.5,0.0,0.5,0.0,2018-08-25
0.5,0.0,0.5,0.0,2018-08-26
0.5615727272727273,0.36950334748369046,0.6413818181818182,0.29087097363914666,2018-08-27
0.5,0.0,0.5,0.0,2018-08-28
0.5,0.0,0.5,0.0,2018-08-29
0.5,0.0,0.5,0.0,2018-08-30
0.20061999999999997,0.2174383075725158,0.51751,0.3207783236130521,2018-08-31
0.5,0.0,0.5,0.0,2018-09-01
0.5,0.0,0.5,0.0,2018-09-02
0.5051909090909091,0.3434794064345461,0.743309090909091,0.23597326294825496,2018-09-03
0.7989090909090909,0.2762695470815198,0.6065272727272727,0.26242244600126957,2018-09-04
0.5,0.0,0.5,0.0,2018-09-05
0.6943363636363636,0.30021117195833175,0.6396181818181819,0.26497693490765917,2018-09-06
0.5,0.0,0.5,0.0,2018-09-07
0.5,0.0,0.5,0.0,2018-09-08
0.5,0.0,0.5,0.0,2018-09-09
0.5,0.0,0.5,0.0,2018-09-10
0.5,0.0,0.5,0.0,2018-09-11
0.5,0.0,0.5,0.0,2018-09-12
0.5,0.0,0.5,0.0,2018-09-13
0.5,0.0,0.5,0.0,2018-09-14
0.5,0.0,0.5,0.0,2018-09-15
0.5,0.0,0.5,0.0,2018-09-16
0.4098,0.3364540087441373,0.42851999999999996,0.29467410066037364,2018-09-17
0.7232909090909091,0.30752821734405106,0.13518181818181818,0.18592002590645756,2018-09-18
0.5,0.0,0.5,0.0,2018-09-19
0.797188888888889,0.2973087338271053,0.6472,0.2951008528170214,2018-09-20
0.5,0.0,0.5,0.0,2018-09-21
0.5,0.0,0.5,0.0,2018-09-22
0.5,0.0,0.5,0.0,2018-09-23
0.5,0.0,0.5,0.0,2018-09-24
0.5,0.0,0.5,0.0,2018-09-25
0.5,0.0,0.5,0.0,2018-09-26
0.9560727272727273,0.13594377240682395,0.7953272727272727,0.1613975728718546,2018-09-27
0.5,0.0,0.5,0.0,2018-09-28
0.5,0.0,0.5,0.0,2018-09-29
0.5,0.0,0.5,0.0,2018-09-30
0.5,0.0,0.5,0.0,2018-10-01
0.5,0.0,0.5,0.0,2018-10-02
0.5,0.0,0.5,0.0,2018-10-03
0.5,0.0,0.5,0.0,2018-10-04
0.5,0.0,0.5,0.0,2018-10-05
0.5,0.0,0.5,0.0,2018-10-06
0.1683,0.18392828147751702,0.22993636363636363,0.23466544182468982,2018-10-07
0.5012727272727273,0.41378844856434704,0.3839909090909091,0.35811928549664573,2018-10-08
0.45953999999999995,0.2497021874153288,0.43678,0.3235233122975839,2018-10-09
0.5,0.0,0.5,0.0,2018-10-10
0.5,0.0,0.5,0.0,2018-10-11
0.5,0.0,0.5,0.0,2018-10-12
0.5,0.0,0.5,0.0,2018-10-13
0.5,0.0,0.5,0.0,2018-10-14
0.27185,0.25435,0.7156,0.10509999999999997,2018-10-15
0.6529454545454545,0.37393650497386066,0.4611636363636364,0.3159460519908344,2018-10-16
0.8017888888888889,0.2460692740963832,0.5146111111111111,0.28721202560881914,2018-10-17
0.5,0.0,0.5,0.0,2018-10-18
0.5,0.0,0.5,0.0,2018-10-19
0.5,0.0,0.5,0.0,2018-10-20
0.5,0.0,0.5,0.0,2018-10-21
0.5,0.0,0.5,0.0,2018-10-22
0.3015666666666667,0.21188544598962483,0.7788,0.11937272161874614,2018-10-23
0.2369666666666667,0.35002532606782744,0.26158333333333333,0.3577302401562136,2018-10-24
0.5,0.0,0.5,0.0,2018-10-25
0.7856272727272727,0.18715642019400433,0.4069181818181818,0.0962676743458932,2018-10-26
0.5,0.0,0.5,0.0,2018-10-27
0.5,0.0,0.5,0.0,2018-10-28
0.8383818181818181,0.20361667559046434,0.3826363636363636,0.29209091135444076,2018-10-29
0.45704545454545453,0.43235295211969066,0.5091636363636364,0.29223298075563325,2018-10-30
0.5,0.0,0.5,0.0,2018-10-31
0.5,0.0,0.5,0.0,2018-11-01
0.5,0.0,0.5,0.0,2018-11-02
0.5,0.0,0.5,0.0,2018-11-03
0.5,0.0,0.5,0.0,2018-11-04
0.5,0.0,0.5,0.0,2018-11-05
0.5,0.0,0.5,0.0,2018-11-06
0.6746454545454545,0.4031549541116832,0.8220272727272726,0.19149021855346265,2018-11-07
0.49990000000000007,0.36530091456471636,0.37889090909090906,0.2726361826668895,2018-11-08
0.5,0.0,0.5,0.0,2018-11-09
0.5,0.0,0.5,0.0,2018-11-10
0.5,0.0,0.5,0.0,2018-11-11
0.6754000000000001,0.39701746927445264,0.4453272727272728,0.3375688619066125,2018-11-12
0.9131454545454545,0.13870024817200294,0.7794363636363637,0.2192358724492756,2018-11-13
0.5,0.0,0.5,0.0,2018-11-14
0.4098,0.3364540087441373,0.37548000000000004,0.22244562841287757,2018-11-15
0.5,0.0,0.5,0.0,2018-11-16
0.5,0.0,0.5,0.0,2018-11-17
0.5,0.0,0.5,0.0,2018-11-18
0.8230363636363637,0.2818258755548032,0.3779090909090909,0.35592384388324994,2018-11-19
0.5,0.0,0.5,0.0,2018-11-20
0.5,0.0,0.5,0.0,2018-11-21
0.9473999999999999,0.13389450392685348,0.6682272727272727,0.2875047322643232,2018-11-22
0.5,0.0,0.5,0.0,2018-11-23
0.5821400000000001,0.3635302881466687,0.64884,0.12984280650078384,2018-11-24
0.5,0.0,0.5,0.0,2018-11-25
0.879990909090909,0.24162845051684945,0.7508,0.28515197861682623,2018-11-26
0.5,0.0,0.5,0.0,2018-11-27
0.5,0.0,0.5,0.0,2018-11-28
0.5,0.0,0.5,0.0,2018-11-29
0.5,0.0,0.5,0.0,2018-11-30
0.5,0.0,0.5,0.0,2018-12-01
0.5,0.0,0.5,0.0,2018-12-02
0.5,0.0,0.5,0.0,2018-12-03
0.5,0.0,0.5,0.0,2018-12-04
0.5,0.0,0.5,0.0,2018-12-05
0.5,0.0,0.5,0.0,2018-12-06
0.6383181818181819,0.353241413247453,0.18642727272727272,0.17400612366919782,2018-12-07
0.5,0.0,0.5,0.0,2018-12-08
0.5,0.0,0.5,0.0,2018-12-09
0.439,0.1626230201006815,0.5599666666666666,0.2343798958007183,2018-12-10
0.7173333333333334,0.34041153851706546,0.5023333333333333,0.31505188637922976,2018-12-11
0.3795777777777778,0.3998394699481219,0.8717999999999999,0.10821931435746576,2018-12-12
0.7399818181818183,0.3329582879094667,0.9072636363636364,0.10286763138508077,2018-12-13
0.33686666666666665,0.23867597747201588,0.5680000000000001,0.1829713820974927,2018-12-14
0.5,0.0,0.5,0.0,2018-12-15
0.5,0.0,0.5,0.0,2018-12-16
0.5,0.0,0.5,0.0,2018-12-17
0.12372727272727274,0.20448049513966357,0.2273272727272727,0.3288144353469932,2018-12-18
0.5,0.0,0.5,0.0,2018-12-19
0.5,0.0,0.5,0.0,2018-12-20
0.749025,0.24427705965767638,0.8244750000000001,0.13950022177401725,2018-12-21
0.6212428571428571,0.3604438726155883,0.6900142857142857,0.2026428203837018,2018-12-22
0.5,0.0,0.5,0.0,2018-12-23
0.22055454545454545,0.24629585078864502,0.19604545454545458,0.21659122941882258,2018-12-24
0.33494545454545455,0.39064055639106476,0.14164545454545455,0.18407651750704287,2018-12-25
0.6393666666666666,0.18203494780459664,0.48710000000000003,0.35322260214582346,2018-12-26
0.5,0.0,0.5,0.0,2018-12-27
0.2288,0.27465944202031195,0.3945272727272728,0.32336249316126797,2018-12-28
0.5,0.0,0.5,0.0,2018-12-29
0.5,0.0,0.5,0.0,2018-12-30
0.5,0.0,0.5,0.0,2018-12-31
0.5,0.0,0.5,0.0,2019-01-01
0.5,0.0,0.5,0.0,2019-01-02
0.22165454545454547,0.3309476431089046,0.13422727272727275,0.19254161340490006,2019-01-03
0.39122727272727276,0.38480856182808404,0.6542,0.24471634042851995,2019-01-04
0.5181374999999999,0.3657430995162452,0.6331,0.3320650049312634,2019-01-05
0.5,0.0,0.5,0.0,2019-01-06
0.7196000000000001,0.29412254094324203,0.6847727272727273,0.22289638885654756,2019-01-07
0.8991818181818182,0.19042047167533707,0.790109090909091,0.14900542061247576,2019-01-08
0.20129999999999998,0.2914606007991163,0.8795818181818181,0.10863902545236526,2019-01-09
0.5,0.0,0.5,0.0,2019-01-10
0.6788909090909091,0.28025137565000285,0.5339818181818182,0.30144936200171274,2019-01-11
0.5,0.0,0.5,0.0,2019-01-12
0.5,0.0,0.5,0.0,2019-01-13
0.5,0.0,0.5,0.0,2019-01-14
0.5,0.0,0.5,0.0,2019-01-15
0.5,0.0,0.5,0.0,2019-01-16
0.5742909090909091,0.38538172210879074,0.07196363636363637,0.17094080991930447,2019-01-17
0.7837272727272726,0.29900777761519876,0.8202272727272727,0.2174186162929564,2019-01-18
0.5,0.0,0.5,0.0,2019-01-19
0.5,0.0,0.5,0.0,2019-01-20
0.5,0.0,0.5,0.0,2019-01-21
0.5,0.0,0.5,0.0,2019-01-22
0.5,0.0,0.5,0.0,2019-01-23
0.30789,0.27450785945032613,0.2505,0.28785308058104925,2019-01-24
0.5,0.0,0.5,0.0,2019-01-25
0.5,0.0,0.5,0.0,2019-01-26
0.5,0.0,0.5,0.0,2019-01-27
0.5,0.0,0.5,0.0,2019-01-28
0.7385111111111111,0.3279630244891926,0.6318333333333334,0.3343696856275501,2019-01-29
0.5,0.0,0.5,0.0,2019-01-30
0.5,0.0,0.5,0.0,2019-01-31
0.5,0.0,0.5,0.0,2019-02-01
0.5,0.0,0.5,0.0,2019-02-02
0.5,0.0,0.5,0.0,2019-02-03
0.5,0.0,0.5,0.0,2019-02-04
0.5,0.0,0.5,0.0,2019-02-05
0.5,0.0,0.5,0.0,2019-02-06
0.5,0.0,0.5,0.0,2019-02-07
0.5,0.0,0.5,0.0,2019-02-08
0.5,0.0,0.5,0.0,2019-02-09
0.5,0.0,0.5,0.0,2019-02-10
0.6927454545454546,0.36713570531303885,0.5583727272727272,0.29360863280257676,2019-02-11
0.5,0.0,0.5,0.0,2019-02-12
0.5,0.0,0.5,0.0,2019-02-13
0.5,0.0,0.5,0.0,2019-02-14
0.5,0.0,0.5,0.0,2019-02-15
0.5,0.0,0.5,0.0,2019-02-16
0.5,0.0,0.5,0.0,2019-02-17
0.5,0.0,0.5,0.0,2019-02-18
0.5,0.0,0.5,0.0,2019-02-19
0.5,0.0,0.5,0.0,2019-02-20
0.5,0.0,0.5,0.0,2019-02-21
0.5,0.0,0.5,0.0,2019-02-22
0.5,0.0,0.5,0.0,2019-02-23
0.5,0.0,0.5,0.0,2019-02-24
0.5,0.0,0.5,0.0,2019-02-25
0.5,0.0,0.5,0.0,2019-02-26
0.5,0.0,0.5,0.0,2019-02-27
0.9477727272727274,0.13414702308159093,0.4534636363636364,0.36258303443418877,2019-02-28
0.5,0.0,0.5,0.0,2019-03-01
0.5,0.0,0.5,0.0,2019-03-02
0.5,0.0,0.5,0.0,2019-03-03
0.5,0.0,0.5,0.0,2019-03-04
0.5,0.0,0.5,0.0,2019-03-05
0.5,0.0,0.5,0.0,2019-03-06
0.5,0.0,0.5,0.0,2019-03-07
0.5,0.0,0.5,0.0,2019-03-08
0.5,0.0,0.5,0.0,2019-03-09
0.5,0.0,0.5,0.0,2019-03-10
0.5,0.0,0.5,0.0,2019-03-11
0.5,0.0,0.5,0.0,2019-03-12
0.5,0.0,0.5,0.0,2019-03-13
0.5,0.0,0.5,0.0,2019-03-14
0.5,0.0,0.5,0.0,2019-03-15
0.5,0.0,0.5,0.0,2019-03-16
0.5,0.0,0.5,0.0,2019-03-17
0.5,0.0,0.5,0.0,2019-03-18
0.5,0.0,0.5,0.0,2019-03-19
0.7979999999999999,0.3026457274828713,0.8295909090909092,0.152691093117298,2019-03-20
0.5,0.0,0.5,0.0,2019-03-21
0.9550636363636364,0.13571239156075798,0.9115454545454544,0.10747201211678205,2019-03-22
0.5,0.0,0.5,0.0,2019-03-23
0.5,0.0,0.5,0.0,2019-03-24
0.5,0.0,0.5,0.0,2019-03-25
0.44981249999999995,0.3863832826271732,0.6744375,0.29616709784132,2019-03-26
0.48058181818181817,0.3964203458180627,0.45792727272727274,0.32683390858607814,2019-03-27
0.5,0.0,0.5,0.0,2019-03-28
0.782190909090909,0.23993440563675827,0.29938181818181825,0.3485264012907691,2019-03-29
0.8332727272727272,0.29447328661344757,0.2607,0.3032445277929408,2019-03-30
0.5,0.0,0.5,0.0,2019-03-31
0.7455454545454546,0.30421755482081736,0.48840000000000006,0.2323012894731949,2019-04-01
0.32610000000000006,0.34365941913999154,0.17277272727272727,0.26604214324702596,2019-04-02
0.8963363636363636,0.17600398380164464,0.05935454545454546,0.17429968634841841,2019-04-03
0.6238818181818182,0.394476080201626,0.2637181818181818,0.3142190863312985,2019-04-04
0.5,0.0,0.5,0.0,2019-04-05
0.5,0.0,0.5,0.0,2019-04-06
0.5,0.0,0.5,0.0,2019-04-07
0.6998454545454545,0.27875794766863554,0.4198909090909091,0.3091766880972916,2019-04-08
0.519709090909091,0.38409330650139367,0.24614545454545453,0.2882704391985111,2019-04-09
0.7340090909090908,0.33434147338678505,0.5267272727272728,0.26106566255501557,2019-04-10
0.5,0.0,0.5,0.0,2019-04-11
0.5,0.0,0.5,0.0,2019-04-12
0.5,0.0,0.5,0.0,2019-04-13
0.5,0.0,0.5,0.0,2019-04-14
0.5,0.0,0.5,0.0,2019-04-15
0.5,0.0,0.5,0.0,2019-04-16
0.5,0.0,0.5,0.0,2019-04-17
0.5,0.0,0.5,0.0,2019-04-18
0.5,0.0,0.5,0.0,2019-04-19
0.5,0.0,0.5,0.0,2019-04-20
0.5,0.0,0.5,0.0,2019-04-21
0.5,0.0,0.5,0.0,2019-04-22
0.5,0.0,0.5,0.0,2019-04-23
0.5,0.0,0.5,0.0,2019-04-24
0.5,0.0,0.5,0.0,2019-04-25
0.5,0.0,0.5,0.0,2019-04-26
0.5,0.0,0.5,0.0,2019-04-27
0.44522727272727275,0.27963175489759284,0.2869,0.23535243591454305,2019-04-28
0.8696272727272727,0.1805803577907484,0.41292727272727275,0.33302274312427455,2019-04-29
0.5,0.0,0.5,0.0,2019-04-30
0.5,0.0,0.5,0.0,2019-05-01
0.5,0.0,0.5,0.0,2019-05-02
0.5,0.0,0.5,0.0,2019-05-03
0.5,0.0,0.5,0.0,2019-05-04
0.5,0.0,0.5,0.0,2019-05-05
0.5,0.0,0.5,0.0,2019-05-06
0.5708714285714286,0.31719204509159393,0.7905142857142858,0.18472545209867866,2019-05-07
0.44383999999999996,0.32950579114789463,0.43233999999999995,0.29592940104018056,2019-05-08
0.5,0.0,0.5,0.0,2019-05-09
0.5,0.0,0.5,0.0,2019-05-10
0.5,0.0,0.5,0.0,2019-05-11
0.5,0.0,0.5,0.0,2019-05-12
0.5,0.0,0.5,0.0,2019-05-13
0.44383999999999996,0.32950579114789463,0.42878,0.29830372039248854,2019-05-14
0.44383999999999996,0.32950579114789463,0.43233999999999995,0.29592940104018056,2019-05-15
0.44383999999999996,0.32950579114789463,0.43233999999999995,0.29592940104018056,2019-05-16
0.44383999999999996,0.32950579114789463,0.43233999999999995,0.29592940104018056,2019-05-17
0.5,0.0,0.5,0.0,2019-05-18
0.5,0.0,0.5,0.0,2019-05-19
0.44383999999999996,0.32950579114789463,0.43233999999999995,0.29592940104018056,2019-05-20
0.44383999999999996,0.32950579114789463,0.42878,0.29830372039248854,2019-05-21
0.44383999999999996,0.32950579114789463,0.43233999999999995,0.29592940104018056,2019-05-22
0.44383999999999996,0.32950579114789463,0.43233999999999995,0.29592940104018056,2019-05-23
0.4816545454545455,0.40020174086131827,0.4180545454545454,0.26601184650187826,2019-05-24
0.5,0.0,0.5,0.0,2019-05-25
0.5,0.0,0.5,0.0,2019-05-26
0.44383999999999996,0.32950579114789463,0.43233999999999995,0.29592940104018056,2019-05-27
0.47447272727272727,0.2239058247279589,0.4638636363636364,0.21344976531739168,2019-05-28
0.8045909090909089,0.29087552306331205,0.2619363636363636,0.2682270045137387,2019-05-29
0.8025090909090907,0.303611307893813,0.5844545454545454,0.2665675945784462,2019-05-30
0.44383999999999996,0.32950579114789463,0.42878,0.29830372039248854,2019-05-31
0.5,0.0,0.5,0.0,2019-06-01
0.5,0.0,0.5,0.0,2019-06-02
0.5,0.0,0.5,0.0,2019-06-03
0.5,0.0,0.5,0.0,2019-06-04
0.6551363636363637,0.3942631130527552,0.7358636363636364,0.29639139440558315,2019-06-05
0.5,0.0,0.5,0.0,2019-06-06
0.5,0.0,0.5,0.0,2019-06-07
0.5,0.0,0.5,0.0,2019-06-08
0.5,0.0,0.5,0.0,2019-06-09
0.9537,0.13541854982373588,0.8851181818181818,0.13992520611307002,2019-06-10
0.5,0.0,0.5,0.0,2019-06-11
0.646,0.3356366162709578,0.5466000000000001,0.3862204481192762,2019-06-12
0.5,0.0,0.5,0.0,2019-06-13
0.9061181818181818,0.15047695576026263,0.3633363636363636,0.2630877084054852,2019-06-14
0.5,0.0,0.5,0.0,2019-06-15
0.5,0.0,0.5,0.0,2019-06-16
0.5,0.0,0.5,0.0,2019-06-17
0.5196272727272727,0.34872215064017287,0.863190909090909,0.16729326158545904,2019-06-18
0.5,0.0,0.5,0.0,2019-06-19
0.5,0.0,0.5,0.0,2019-06-20
0.31117,0.3024030061027833,0.524,0.32348390068131677,2019-06-21
0.5,0.0,0.5,0.0,2019-06-22
0.5,0.0,0.5,0.0,2019-06-23
0.5,0.0,0.5,0.0,2019-06-24
0.8068727272727273,0.28814486599912364,0.40947272727272727,0.37226698652472306,2019-06-25
0.7910727272727271,0.3021358186189813,0.41133636363636367,0.35767707699118584,2019-06-26
0.5821000000000001,0.055900000000000005,0.75285,0.14234999999999998,2019-06-27
0.5,0.0,0.5,0.0,2019-06-28
0.5,0.0,0.5,0.0,2019-06-29
0.5,0.0,0.5,0.0,2019-06-30
0.5,0.0,0.5,0.0,2019-07-01
0.37348333333333333,0.33945351874577595,0.40555,0.27874097145318744,2019-07-02
0.8105999999999999,0.27039569993891277,0.6193000000000001,0.17314407558184283,2019-07-03
0.5989625,0.3423124338141254,0.48565,0.31662826389948195,2019-07-04
0.753,0.3767358181360868,0.8509333333333333,0.1587454321302576,2019-07-05
0.5,0.0,0.5,0.0,2019-07-06
0.5,0.0,0.5,0.0,2019-07-07
0.5,0.0,0.5,0.0,2019-07-08
0.5,0.0,0.5,0.0,2019-07-09
0.4888363636363637,0.4219461432085794,0.40141818181818184,0.23152443349630536,2019-07-10
0.5,0.0,0.5,0.0,2019-07-11
0.5,0.0,0.5,0.0,2019-07-12
0.5,0.0,0.5,0.0,2019-07-13
0.5,0.0,0.5,0.0,2019-07-14
0.44383999999999996,0.32950579114789463,0.43233999999999995,0.29592940104018056,2019-07-15
0.5,0.0,0.5,0.0,2019-07-16
0.5,0.0,0.5,0.0,2019-07-17
0.6419666666666667,0.3733399314893124,0.7396666666666667,0.24741157342910752,2019-07-18
0.7004272727272728,0.3243084421038631,0.4201545454545455,0.25962290963359064,2019-07-19
0.5,0.0,0.5,0.0,2019-07-20
0.7308700000000001,0.22599602673498487,0.34488,0.19192010733636014,2019-07-21
0.08575454545454544,0.14518208231318833,0.5707363636363636,0.2464249370229743,2019-07-22
0.7937181818181817,0.34490419702283553,0.7805727272727274,0.23747134598786707,2019-07-23
0.4581909090909091,0.4134501496927916,0.0779,0.17135423171685238,2019-07-24
0.6297272727272728,0.38600420414787545,0.06598181818181818,0.17300134428369898,2019-07-25
0.6861545454545456,0.31028976886316606,0.7266545454545454,0.2790552743018889,2019-07-26
0.5,0.0,0.5,0.0,2019-07-27
0.5,0.0,0.5,0.0,2019-07-28
0.5176,0.4367526947411273,0.4692363636363636,0.31048886167323375,2019-07-29
0.951590909090909,0.13469994570117996,0.5114454545454546,0.35393731947295765,2019-07-30
0.789890909090909,0.3007288523647641,0.3493272727272727,0.27673337706802026,2019-07-31
0.7862636363636363,0.3323720431103108,0.6842545454545454,0.36838233686715016,2019-08-01
0.30869090909090907,0.2801445712956906,0.40806363636363635,0.3700907708626168,2019-08-02
0.5909727272727273,0.3703223021072543,0.1949181818181818,0.2445342505037311,2019-08-03
0.5,0.0,0.5,0.0,2019-08-04
0.8815000000000001,0.21950392831440294,0.9012272727272727,0.13833253801756173,2019-08-05
0.5631272727272728,0.3589193986269672,0.3485909090909091,0.3027800325305049,2019-08-06
0.8329727272727272,0.30188275596182607,0.758009090909091,0.23701645303283156,2019-08-07
0.9558454545454546,0.13587009413163312,0.7850727272727273,0.15675319971163176,2019-08-08
0.7796727272727272,0.3190422944059842,0.5052454545454546,0.2581598249275273,2019-08-09
0.9551545454545455,0.1356785195274367,0.4481454545454546,0.33735064133125875,2019-08-10
0.42485454545454543,0.44684134130306324,0.6547181818181819,0.29630958570136134,2019-08-11
0.6047545454545454,0.4239165663271625,0.4711090909090909,0.31532516681426853,2019-08-12
0.7228090909090908,0.3668900391485796,0.19811818181818183,0.31328048373239487,2019-08-13
0.8652909090909091,0.22208934506203276,0.6635181818181818,0.33686657682012977,2019-08-14
0.5912636363636364,0.3721711953895491,0.33275454545454547,0.3093333634641859,2019-08-15
0.8133636363636363,0.2630085110020285,0.3082636363636364,0.3245868906576124,2019-08-16
0.7343727272727272,0.3356773805332329,0.5556,0.3142485148587167,2019-08-17
0.8259,0.2379249270444165,0.5370636363636364,0.2437403882402425,2019-08-18
0.6875272727272728,0.42561777366106124,0.24739090909090908,0.3486201591587911,2019-08-19
0.5548636363636364,0.30932422611154164,0.27891818181818184,0.21476425053016882,2019-08-20
0.7669545454545456,0.34211990817584403,0.3734454545454545,0.3304194341732018,2019-08-21
0.37576363636363636,0.3595052642748397,0.5065272727272728,0.22963157484389915,2019-08-22
0.7788545454545454,0.38021123402569107,0.2619090909090909,0.32759314138270923,2019-08-23
0.6694181818181818,0.4129222771202212,0.3327636363636364,0.28876437476293954,2019-08-24
0.31169090909090913,0.30533976144183284,0.12914545454545456,0.19145462962961113,2019-08-25
0.3860272727272727,0.3994932087052956,0.15023636363636364,0.1801336991980592,2019-08-26
0.7506545454545456,0.07097875948141572,0.6484818181818183,0.0696281920199494,2019-08-27
0.9334727272727273,0.13111118869742924,0.5487545454545454,0.29968106186907306,2019-08-28
0.8222545454545455,0.29041463888609137,0.4569818181818182,0.37484155153922105,2019-08-29
0.9079181818181818,0.13465178537912195,0.5208363636363637,0.2098738637317328,2019-08-30
0.364,0.35711991683466776,0.34155,0.19854417014860953,2019-08-31
0.49499090909090904,0.3714855128817162,0.40559999999999996,0.2072518274949584,2019-09-01
0.45852727272727284,0.42908649073225974,0.18721818181818184,0.2200528854541431,2019-09-02
0.554,0.4243246784330046,0.41616363636363635,0.36032036571697307,2019-09-03
0.7726181818181818,0.27082357832824006,0.44324545454545455,0.3006835496411358,2019-09-04
0.9074272727272727,0.16723990438838066,0.6909636363636363,0.2571676788426615,2019-09-05
0.8401909090909091,0.21981094957649175,0.5554363636363636,0.403627216112562,2019-09-06
0.4884909090909091,0.37297293212668065,0.3253,0.33889445930179285,2019-09-07
0.9518181818181817,0.13509206166154597,0.8850181818181817,0.123850876740625,2019-09-08
0.9523727272727274,0.13506003440160225,0.22923636363636365,0.17579220311972302,2019-09-09
0.5931272727272727,0.3453091818564635,0.16375454545454546,0.1653810880890577,2019-09-10
0.8966181818181816,0.19961961015975002,0.45644545454545454,0.3134236759741629,2019-09-11
0.8343545454545453,0.29010016879327094,0.33440909090909093,0.2770126694002721,2019-09-12
0.6467909090909091,0.3922796485221074,0.31014545454545456,0.33206875893579185,2019-09-13
0.10604545454545455,0.17669203492690772,0.059463636363636364,0.17431626572373496,2019-09-14
0.649109090909091,0.2721487676539014,0.15640909090909091,0.2077245092316677,2019-09-15
0.4364181818181818,0.4319456527644986,0.1421909090909091,0.21471443383986452,2019-09-16
0.5596727272727273,0.3893099375022637,0.29408181818181817,0.3063473721067217,2019-09-17
0.9567090909090908,0.1361402181879567,0.7812545454545453,0.2471584451820196,2019-09-18
0.8644363636363637,0.30488445582705376,0.8002818181818182,0.25037484922405234,2019-09-19
0.9552454545454544,0.13568523979239844,0.8532272727272727,0.284221879046856,2019-09-20
0.4985,0.3547093329884215,0.465,0.24783127324855517,2019-09-21
0.5,0.0,0.5,0.0,2019-09-22
0.31924545454545455,0.33786055855159147,0.17996363636363635,0.19378546372319372,2019-09-23
0.925009090909091,0.14274645325665844,0.6096909090909091,0.38176049953899693,2019-09-24
0.8075363636363636,0.3220391824628213,0.35438181818181813,0.32272042169424664,2019-09-25
0.5032181818181818,0.4397464679028791,0.7847000000000001,0.2596871964498827,2019-09-26
0.6169363636363636,0.35409071583610086,0.33446363636363635,0.22437965096816387,2019-09-27
0.8447454545454545,0.29958537518509376,0.6548999999999999,0.3353591588946774,2019-09-28
0.9244363636363636,0.13349298430818052,0.7665727272727273,0.2430445192698396,2019-09-29
0.40801818181818184,0.4547256931745312,0.33825454545454553,0.35389224955842236,2019-09-30
0.7196454545454546,0.3475106521941878,0.726690909090909,0.2758591849428896,2019-10-01
0.5,0.0,0.5,0.0,2019-10-02
0.7273636363636363,0.3043089795607785,0.6417727272727273,0.2964540960661198,2019-10-03
0.5,0.0,0.5,0.0,2019-10-04
0.5,0.0,0.5,0.0,2019-10-05
0.5603454545454546,0.3697647885385725,0.32744545454545454,0.27411894353840555,2019-10-06
0.13764545454545454,0.27838106441493715,0.35545454545454547,0.3264185722313004,2019-10-07
0.4038909090909091,0.4155134883589996,0.19173636363636362,0.3026762424912055,2019-10-08
0.5338272727272728,0.3212068070458065,0.3020909090909091,0.31117869304993306,2019-10-09
0.770781818181818,0.29799017622057095,0.21524545454545455,0.2949935819444718,2019-10-10
0.7326181818181818,0.36528518079137173,0.5662454545454546,0.3321960110417735,2019-10-11
0.6158363636363636,0.3308704615314724,0.3894818181818182,0.2841248951307468,2019-10-12
0.9266909090909091,0.14236138683930388,0.3282363636363636,0.3263478659142371,2019-10-13
0.5666000000000001,0.4355725928434475,0.20785454545454546,0.22013655003464785,2019-10-14
0.7386636363636363,0.3610110858855049,0.3821636363636365,0.29570744225494,2019-10-15
0.7592454545454547,0.17461996846990255,0.5903272727272727,0.13712178456267585,2019-10-16
0.4173363636363636,0.3840217306179129,0.40184545454545456,0.22059843963692927,2019-10-17
0.800981818181818,0.2742751399538321,0.7717545454545455,0.30433019257987287,2019-10-18
0.7097636363636364,0.30637628163814057,0.5417454545454545,0.300163971442387,2019-10-19
0.8926272727272727,0.21630655893434325,0.7308090909090909,0.2521687258186307,2019-10-20
0.8642818181818182,0.3004853099364482,0.6271,0.3825720704532795,2019-10-21
0.7085545454545454,0.3646463950026515,0.7471363636363637,0.23007476758151021,2019-10-22
0.7329,0.37519984735410733,0.5604818181818182,0.3520699021970748,2019-10-23
0.9526545454545453,0.13506189398424548,0.5981909090909091,0.16000141734909418,2019-10-24
0.9413090909090909,0.13153872885991655,0.6057545454545455,0.05575810358775197,2019-10-25
0.31535454545454544,0.38302459062675515,0.46109090909090916,0.3536802034055507,2019-10-26
0.40768181818181815,0.33634756325233744,0.3241272727272727,0.34481913333042263,2019-10-27
0.5776727272727272,0.22327465390048232,0.4791,0.22894033760309299,2019-10-28
0.411075,0.3776621994256243,0.85125,0.15201293530486143,2019-10-29
0.7083363636363637,0.3780093295451059,0.33452727272727273,0.31608100541391454,2019-10-30
0.3654545454545455,0.342111014315094,0.6057545454545455,0.3392712011560727,2019-10-31
0.6846545454545455,0.40936403528941057,0.17575454545454547,0.20803994530612432,2019-11-01
0.735490909090909,0.38472441483729736,0.6870181818181819,0.28640355133076834,2019-11-02
0.857090909090909,0.21418670043825805,0.4667181818181818,0.3636496036226026,2019-11-03
0.6689818181818181,0.3651721407729431,0.3795181818181818,0.3810208937677871,2019-11-04
0.7475,0.2641838065369708,0.4281636363636364,0.17028327880717567,2019-11-05
0.5110090909090909,0.38256269469447857,0.4216181818181818,0.2964227043757301,2019-11-06
0.7218909090909091,0.35211683354081486,0.5168363636363636,0.3318205984968035,2019-11-07
0.6667000000000001,0.3935176927984999,0.30584545454545453,0.30134008381843674,2019-11-08
0.6400727272727272,0.3984873354686766,0.5242454545454546,0.28794776156176277,2019-11-09
0.738,0.3199986903382291,0.4717454545454546,0.2579634729732676,2019-11-10
0.7002181818181819,0.3301463251848456,0.6502454545454546,0.32529074090066334,2019-11-11
0.4017818181818182,0.36803900934098577,0.40545454545454546,0.3342443917082675,2019-11-12
0.20778181818181818,0.22272023959211013,0.3967272727272727,0.35668454382220277,2019-11-13
0.4495727272727273,0.43644365061859847,0.4490727272727273,0.2839481837842605,2019-11-14
0.8308636363636364,0.3002565244850939,0.6982090909090909,0.15148643176292872,2019-11-15
0.4150272727272728,0.3860068348215166,0.42584545454545447,0.28313789561604835,2019-11-16
0.5,0.0,0.5,0.0,2019-11-17
0.81,0.2819070930127674,0.41291818181818185,0.3798929222777047,2019-11-18
0.6847,0.3488622598729137,0.7873454545454546,0.1446607024833462,2019-11-19
0.6324272727272728,0.3839263165360322,0.39160000000000006,0.26942264533290783,2019-11-20
0.057263636363636364,0.1486439753402696,0.0599,0.17411836099723557,2019-11-21
0.05924545454545454,0.1480488885079174,0.05986363636363637,0.174131988981855,2019-11-22
0.8437272727272728,0.11790042864375078,0.49197272727272734,0.33482543101771456,2019-11-23
0.7330818181818182,0.2439355235906027,0.5618909090909091,0.34272428211861355,2019-11-24
0.5534727272727273,0.36784596353985183,0.3811090909090909,0.32858812697674067,2019-11-25
0.5006636363636363,0.464392297471021,0.46206363636363645,0.38774178913462803,2019-11-26
0.5816090909090911,0.3902609044648452,0.3056181818181818,0.29305464218432903,2019-11-27
0.5675,0.43397183612010415,0.44066363636363626,0.38396996869482397,2019-11-28
0.2682818181818181,0.31861305348532043,0.20916363636363633,0.297311683018855,2019-11-29
0.5469363636363637,0.39787458113587704,0.22777272727272727,0.22926091960078662,2019-11-30
0.8877999999999999,0.2417299695565657,0.6057363636363635,0.3297649170179687,2019-12-01
0.4298363636363636,0.4510861705075212,0.7573545454545454,0.12978183346493707,2019-12-02
0.36273636363636363,0.37462378770447774,0.5955909090909092,0.28565211663059176,2019-12-03
0.6451454545454546,0.39294679113228176,0.5194363636363636,0.42358698853895893,2019-12-04
0.8775545454545454,0.2730797464732313,0.8533818181818181,0.2890615153724575,2019-12-05
0.6198272727272728,0.37340640811297643,0.600109090909091,0.26532575331448854,2019-12-06
0.16905454545454543,0.30110296747922194,0.4866727272727273,0.18939681331152852,2019-12-07
0.7797454545454545,0.30379457282732825,0.4211454545454545,0.37048751018976545,2019-12-08
0.8775272727272726,0.1640288893119917,0.2826909090909091,0.2786399842564708,2019-12-09
0.8611,0.21641457269030492,0.5753454545454545,0.38431414319688656,2019-12-10
0.7294545454545454,0.38943635111561936,0.5996818181818182,0.4213979436852401,2019-12-11
0.7820636363636363,0.3689985816004453,0.7398454545454546,0.2732998964295994,2019-12-12
0.5583363636363636,0.4178419476586099,0.11444545454545456,0.16860544779096964,2019-12-13
0.3747454545454545,0.352716281459492,0.4170090909090909,0.26338366572720645,2019-12-14
0.4696818181818182,0.4241754778780332,0.34618181818181815,0.21501593944374459,2019-12-15
0.7905090909090908,0.32831039208913115,0.7096181818181818,0.2902860057322208,2019-12-16
0.36892727272727277,0.41743186072352867,0.19522727272727272,0.21759824151574342,2019-12-17
0.8341000000000001,0.2811485922232066,0.8777909090909091,0.1035901930646601,2019-12-18
0.955990909090909,0.1359437480895245,0.8364909090909091,0.14775103417294091,2019-12-19
0.6821363636363637,0.31423245093901503,0.5396727272727273,0.38135539399479534,2019-12-20
0.7762636363636364,0.32023508487793284,0.6234636363636364,0.34275780548827844,2019-12-21
0.5,0.0,0.5,0.0,2019-12-22
0.7729181818181818,0.3219904736540616,0.45861818181818187,0.3290559825765541,2019-12-23
0.6946181818181819,0.3607271364094317,0.5940181818181818,0.29223786332426294,2019-12-24
0.6419909090909092,0.34752181476209115,0.7321363636363636,0.2707187412417251,2019-12-25
0.8075636363636363,0.30014029832344397,0.5629818181818181,0.35849626045515537,2019-12-26
0.543409090909091,0.298196157083175,0.3514090909090909,0.3005579038283955,2019-12-27
0.8846545454545454,0.2461303474459911,0.28752727272727274,0.26827377160081384,2019-12-28
0.17629090909090908,0.2984595616115446,0.4758909090909091,0.2912384104741976,2019-12-29
0.6528727272727273,0.4200194672780798,0.854109090909091,0.23073910278433307,2019-12-30
0.7555181818181818,0.27137074210279466,0.9299545454545455,0.10289887678189302,2019-12-31
0.8266545454545454,0.2856309836887014,0.49535454545454544,0.4027527086159951,2020-01-01
0.5266909090909091,0.4100563762893307,0.8101272727272726,0.25621577941226553,2020-01-02
0.42087272727272734,0.34178578908409096,0.3822090909090909,0.36285849597215375,2020-01-03
0.5352,0.33680136849214526,0.34948181818181817,0.3684736103001181,2020-01-04
0.7204909090909091,0.36466907153683487,0.5776818181818182,0.2990567073564411,2020-01-05
0.7772909090909091,0.2851694757812543,0.6935636363636364,0.31333650013052994,2020-01-06
0.7401,0.3494123065949452,0.2731727272727273,0.2608003523802314,2020-01-07
0.4037363636363636,0.30987934388822214,0.09791818181818181,0.19068529436640705,2020-01-08
0.2752272727272727,0.38228008316347195,0.3347090909090909,0.3884564453286306,2020-01-09
0.31501818181818186,0.34471719586345984,0.5295454545454545,0.28250421513713375,2020-01-10
0.9567545454545455,0.13615354543266325,0.0920818181818182,0.16583625449757702,2020-01-11
0.8854,0.18108422450240208,0.6116636363636364,0.34148008399992386,2020-01-12
0.5268636363636364,0.38975477901957156,0.7971727272727273,0.23197829871429818,2020-01-13
0.7592818181818182,0.3078708342446754,0.5524818181818182,0.31852180407221964,2020-01-14
0.32290909090909087,0.3425763390825081,0.5035545454545454,0.3768357934254807,2020-01-15
0.9516909090909089,0.13470204462607938,0.4788363636363636,0.2605895284044422,2020-01-16
0.8603909090909091,0.30285419070312747,0.36825454545454545,0.19908524151335216,2020-01-17
0.7087,0.3547470622596023,0.7440272727272728,0.260855958479733,2020-01-18
0.5924272727272727,0.3536026148888019,0.4910727272727273,0.41167759912319096,2020-01-19
0.4860818181818182,0.4003954268610465,0.1522181818181818,0.16955734250304294,2020-01-20
0.8705272727272727,0.16434102620028262,0.45887272727272727,0.32262849756030004,2020-01-21
0.2484272727272727,0.2939752342410963,0.1417,0.17005005680146604,2020-01-22
0.7197818181818182,0.2617717319907203,0.5195727272727273,0.28858944758289123,2020-01-23
0.8151375000000001,0.2776082353673068,0.3249,0.29235063280246204,2020-01-24
0.47865454545454555,0.3907568492126678,0.7591545454545454,0.2449387358045286,2020-01-25
0.38128181818181817,0.37262220647772804,0.7374090909090909,0.20109012205994267,2020-01-26
0.5764818181818181,0.40612900507145583,0.6538545454545455,0.27645075301575,2020-01-27
0.5715454545454546,0.3838399533035431,0.7822818181818182,0.25792419893583896,2020-01-28
0.48670909090909087,0.4283964846951636,0.7885727272727272,0.21080705133501104,2020-01-29
0.6891454545454545,0.35212015605119884,0.4816909090909091,0.3312724461130431,2020-01-30
0.4661363636363637,0.3817764249893987,0.25184545454545454,0.3345094681732053,2020-01-31
0.7858363636363634,0.272607514312251,0.7355454545454545,0.30263756710757733,2020-02-01
0.5226818181818182,0.37149752677062897,0.3900909090909091,0.3261974317231972,2020-02-02
0.9451727272727272,0.1336514740993365,0.8076272727272727,0.25877488669395854,2020-02-03
0.7085636363636363,0.3311599593514982,0.3801363636363636,0.3363047380866112,2020-02-04
0.6389454545454546,0.34035058759952047,0.3993727272727273,0.3669068945334747,2020-02-05
0.7968,0.26524988904119007,0.6731454545454546,0.3119229694058698,2020-02-06
0.4478454545454545,0.3764251256313951,0.48286363636363644,0.3539814100735884,2020-02-07
0.6326090909090909,0.3135831177463755,0.5426818181818182,0.31440117342535423,2020-02-08
0.9215636363636363,0.12502495949156617,0.11304545454545455,0.1573089396040125,2020-02-09
0.6197818181818181,0.39433065455777966,0.6367,0.31688864118029053,2020-02-10
0.6822363636363636,0.29103414130469074,0.5717363636363636,0.39237931850032165,2020-02-11
0.6367999999999999,0.41096617865707635,0.8639818181818182,0.1183339021442892,2020-02-12
0.9163272727272727,0.1524985728154326,0.7288727272727272,0.2773272372647981,2020-02-13
0.5883363636363637,0.45664688620167543,0.6807636363636363,0.302714889181605,2020-02-14
0.6497818181818181,0.34462282892297785,0.4519090909090909,0.32284168778505173,2020-02-15
0.7669363636363635,0.3140272462780239,0.6258818181818182,0.3734883832151868,2020-02-16
0.7500363636363637,0.27490828974149734,0.3912818181818182,0.2671444785068451,2020-02-17
0.39257272727272724,0.3759025504542587,0.5527454545454545,0.29309400094241056,2020-02-18
0.5390909090909092,0.4217789305797431,0.608,0.3640136361082196,2020-02-19
0.5027545454545455,0.4063807358615057,0.7246727272727272,0.354433617559337,2020-02-20
0.9556545454545454,0.13582624839134047,0.14256363636363636,0.20716370896962044,2020-02-21
0.8015181818181819,0.26656064231813714,0.38779090909090913,0.34418339840198164,2020-02-22
0.8740181818181818,0.15554298335001002,0.18260000000000004,0.26319660815719975,2020-02-23
0.9316727272727273,0.133964846752009,0.5417000000000001,0.3899200430857588,2020-02-24
0.6433000000000001,0.40942236027226103,0.6515272727272727,0.3388344274954928,2020-02-25
0.8405,0.25402212502063676,0.7548636363636363,0.3380366851332378,2020-02-26
0.5752454545454545,0.4331413843573196,0.7521454545454546,0.3557076439070213,2020-02-27
0.5879818181818183,0.4213536839071765,0.6901818181818182,0.29457111448273965,2020-02-28
0.04798181818181819,0.1512265598256279,0.2911090909090909,0.23494959790073916,2020-02-29
0.17614545454545452,0.3108027534791929,0.4403,0.3215979845029562,2020-03-01
0.7089909090909091,0.3779321089934864,0.7452363636363636,0.3045698226343249,2020-03-02
0.43345454545454554,0.4389303990459212,0.6918363636363636,0.23626968517402186,2020-03-03
0.6231818181818182,0.2893499008535633,0.6572727272727273,0.2618931152238502,2020-03-04
0.48168181818181816,0.3977476537115685,0.6470272727272728,0.22227767274661864,2020-03-05
0.5600454545454546,0.4108883510453824,0.4524545454545454,0.24066062246784697,2020-03-06
0.5021727272727273,0.4706772240678301,0.30815454545454546,0.3183468644665791,2020-03-07
0.6757,0.3974181242149702,0.3845909090909091,0.3834032874486684,2020-03-08
0.36314545454545455,0.36307256816243516,0.6161818181818182,0.36225283942216585,2020-03-09
0.6843181818181818,0.3823644092846551,0.6780545454545455,0.3220424431757584,2020-03-10
0.4380727272727274,0.37426263527807485,0.6864999999999999,0.3564078052405189,2020-03-11
0.25543636363636363,0.36298223415760944,0.2731909090909091,0.3181666471707882,2020-03-12
0.5645363636363636,0.3906057819074163,0.5178,0.27148410969738507,2020-03-13
0.3388,0.32526003303650614,0.12371818181818182,0.1894471469502861,2020-03-14
0.5955909090909091,0.37952436609895013,0.18215454545454549,0.19571926724328378,2020-03-15
0.6769,0.3890795221358412,0.45719090909090904,0.3497201672364647,2020-03-16
0.6829090909090909,0.30872695042278925,0.3992636363636363,0.31946360803619583,2020-03-17
0.43949090909090915,0.3984335542974295,0.7538545454545456,0.1438126898158369,2020-03-18
0.7238272727272728,0.3185449849519162,0.6579181818181818,0.34502072090128105,2020-03-19
0.5063545454545455,0.3946523012006584,0.6525636363636363,0.26165578454675303,2020-03-20
0.5807363636363636,0.350319600242478,0.5612090909090909,0.30587702952343876,2020-03-21
0.8644636363636362,0.17984322097936137,0.5739363636363636,0.42703693532554227,2020-03-22
0.7277454545454546,0.3787158526188115,0.7030909090909091,0.2892052163950067,2020-03-23
0.5758636363636364,0.4014170768499727,0.4187454545454545,0.2635618001140128,2020-03-24
0.7250363636363637,0.31075671651551495,0.5052000000000001,0.29185356228455017,2020-03-25
0.7116181818181819,0.3483387766324403,0.5338636363636363,0.29958206122022507,2020-03-26
0.7726181818181818,0.2554729867170867,0.6068545454545454,0.32097324262208965,2020-03-27
0.7710545454545454,0.30188716544622596,0.617909090909091,0.3335818189250658,2020-03-28
0.9230636363636364,0.14667065934961085,0.22157272727272723,0.20322853723605708,2020-03-29
0.9363181818181817,0.1326877593736638,0.6171909090909091,0.2904945264843305,2020-03-30
0.47888181818181813,0.2553232383334072,0.5219,0.3108767104350358,2020-03-31
0.5493363636363637,0.4231279202079486,0.49079999999999996,0.3048966501500587,2020-04-01
0.6151545454545455,0.3710631320057064,0.3512181818181818,0.26988596183702146,2020-04-02
0.8452545454545455,0.265729032743837,0.40582727272727276,0.3137146969371696,2020-04-03
0.19884545454545452,0.20997869746340878,0.3603545454545454,0.31490259493614947,2020-04-04
0.4773545454545454,0.39303345535055073,0.26476363636363637,0.2932181727988635,2020-04-05
0.9507636363636363,0.13476033455210418,0.5892,0.3077957587279414,2020-04-06
0.7916363636363635,0.2739801959423255,0.46541818181818184,0.3387572255336256,2020-04-07
0.6879090909090909,0.3457535445280626,0.6176363636363637,0.23342113822144525,2020-04-08
0.3729818181818182,0.3258228319980656,0.3755636363636363,0.35039955446403614,2020-04-09
0.8830181818181817,0.20057212177433298,0.44611818181818186,0.3083796031994034,2020-04-10
0.7140454545454546,0.38304391479457944,0.668009090909091,0.196858511509457,2020-04-11
0.4462,0.4269069986010366,0.4219090909090909,0.28403353020548777,2020-04-12
0.6317545454545455,0.16491053422240998,0.6014454545454545,0.3807464543227406,2020-04-13
0.859990909090909,0.24628761624847356,0.3685727272727272,0.3403590192480156,2020-04-14
0.8546090909090908,0.18947661143526853,0.4946818181818182,0.2945756480035208,2020-04-15
0.4403727272727273,0.30599593607197134,0.6938,0.1880667048005719,2020-04-16
0.4635909090909091,0.32854996148239407,0.4601454545454546,0.2783516329577535,2020-04-17
0.3353818181818182,0.2727241224060475,0.8028454545454546,0.06982979780263597,2020-04-18
0.6410727272727272,0.40535860238673316,0.42922727272727274,0.32760639934616964,2020-04-19
0.5030272727272728,0.39712829640010905,0.47436363636363627,0.33125830973515974,2020-04-20
0.6761909090909091,0.295109380198244,0.39225454545454547,0.3162428507668703,2020-04-21
0.6623818181818182,0.33143049406579084,0.1403818181818182,0.17864778867003706,2020-04-22
0.31932727272727274,0.3967464912851876,0.10035454545454546,0.18228763666068756,2020-04-23
0.734290909090909,0.3676954333895612,0.15993636363636365,0.24768977764617825,2020-04-24
0.3838272727272727,0.34712175514156696,0.6051545454545454,0.28029228369243536,2020-04-25
0.6925,0.3602569310417724,0.2896454545454546,0.24108719796951766,2020-04-26
0.14384545454545455,0.30890259236569695,0.1090818181818182,0.20478061794907085,2020-04-27
0.5034333333333333,0.37077197245147264,0.44283333333333325,0.3048572434581289,2020-04-28
0.4495818181818182,0.3994604993970147,0.46903636363636364,0.1934834748533381,2020-04-29
0.43560000000000004,0.41949335892457007,0.30335454545454543,0.33229817487430385,2020-04-30
0.5540727272727273,0.3525191344668957,0.3165818181818182,0.3750014347079993,2020-05-01
0.6006454545454546,0.40942597369229555,0.3709181818181818,0.30774510946023853,2020-05-02
0.6068454545454546,0.3105643056339288,0.342,0.23695805919652072,2020-05-03
0.5,0.0,0.5,0.0,2020-05-04
0.2512636363636364,0.3780258030460289,0.07588181818181818,0.17120224519652358,2020-05-05
0.3037545454545454,0.33164234668646053,0.5375,0.22060032143716796,2020-05-06
0.641109090909091,0.39874223721037777,0.3617363636363637,0.32025968517815856,2020-05-07
0.5865454545454546,0.4326678389284038,0.32030000000000003,0.30111041466243216,2020-05-08
0.18615454545454543,0.2488730138540404,0.11984545454545455,0.20191121524812636,2020-05-09
0.38960909090909096,0.41510458146558565,0.09296363636363637,0.1739946512904519,2020-05-10
0.5593818181818183,0.4458676338804475,0.3456454545454546,0.2155519568820995,2020-05-11
0.7486999999999999,0.20669908738858217,0.29951818181818185,0.2808645478070809,2020-05-12
0.8976272727272726,0.19225714830502444,0.18916363636363637,0.24135914873417572,2020-05-13
0.6602818181818182,0.3248549405453059,0.30613636363636365,0.23913836722217105,2020-05-14
0.7275454545454546,0.37230775970141194,0.4842272727272727,0.38603069141033824,2020-05-15
0.5162545454545454,0.3379698194261955,0.49717272727272727,0.32449636807299087,2020-05-16
0.6374818181818181,0.3998255160764319,0.41456363636363636,0.34867759599723813,2020-05-17
0.5690909090909092,0.37138868013920023,0.3245818181818182,0.21584429075432984,2020-05-18
0.4279727272727273,0.30872842461504785,0.36072727272727273,0.2042112101406469,2020-05-19
0.369525,0.38601348341087777,0.42581250000000004,0.26833687054475014,2020-05-20
0.6320363636363636,0.3032421033153881,0.2293909090909091,0.23935050545760275,2020-05-21
0.46672727272727266,0.4239385978072105,0.35993636363636367,0.30128827413663384,2020-05-22
0.7823,0.25657055736988005,0.5321818181818182,0.2083441594101706,2020-05-23
0.22354545454545455,0.2703186784776152,0.4106727272727273,0.39935069821560254,2020-05-24
0.888790909090909,0.1581428321862892,0.5184272727272727,0.3900663605334799,2020-05-25
0.4232545454545455,0.3856504737892646,0.4955727272727273,0.27024612381682095,2020-05-26
0.6387909090909091,0.29616051991060355,0.6099818181818182,0.13765965817044334,2020-05-27
0.8205090909090909,0.3191038515893745,0.6436545454545455,0.19248633653344363,2020-05-28
0.6480272727272728,0.3955167829812468,0.16996363636363637,0.22085514492834962,2020-05-29
0.23013636363636367,0.38327530877170995,0.7167545454545454,0.27575933632471616,2020-05-30
0.5478181818181819,0.41416340169766946,0.23708181818181817,0.1804816526468792,2020-05-31
0.6895545454545455,0.2846972725980939,0.37397272727272723,0.322188702727593,2020-06-01
0.7030181818181819,0.33753857643017987,0.5700818181818182,0.21761743253275637,2020-06-02
0.657109090909091,0.38656847083618723,0.4338454545454546,0.3144701499452875,2020-06-03
0.4472545454545455,0.4070066279639824,0.38873636363636366,0.33219975445431044,2020-06-04
0.5189545454545454,0.4615959653274837,0.13338181818181818,0.17927885246773745,2020-06-05
0.6521818181818182,0.4240641328388085,0.14205454545454546,0.19004719683487414,2020-06-06
0.2506363636363636,0.3681224234920849,0.22278181818181822,0.3088068352345902,2020-06-07
0.8342545454545455,0.27514285665858734,0.42279090909090905,0.3068358976703566,2020-06-08
0.7270545454545455,0.3175509733273653,0.6254454545454545,0.32180711434487463,2020-06-09
0.06055454545454546,0.1479360572166008,0.901318181818182,0.09632532771981923,2020-06-10
0.6213000000000001,0.43818777419565863,0.5913363636363637,0.32081752466508345,2020-06-11
0.48008181818181817,0.435703092855636,0.3226272727272727,0.32664655652947266,2020-06-12
0.6753363636363636,0.3671966064230374,0.5704999999999999,0.2915938489187876,2020-06-13
0.8964636363636364,0.16871577645004185,0.7241272727272727,0.3512405678860653,2020-06-14
0.5763363636363636,0.40830432561270963,0.5037181818181818,0.3461569581409877,2020-06-15
0.6991818181818182,0.3725154611023958,0.3745363636363636,0.3651222168303929,2020-06-16
0.32338181818181816,0.3810637570566752,0.5254727272727272,0.2450228675447145,2020-06-17
0.9569272727272726,0.13620792321707076,0.9437363636363638,0.10600206921417123,2020-06-18
0.43566363636363636,0.342273166485291,0.4120545454545455,0.23239964936460938,2020-06-19
0.7181090909090909,0.38301561433764847,0.5269727272727273,0.25716878819140304,2020-06-20
0.5,0.0,0.5,0.0,2020-06-21
0.9569181818181818,0.13620505142269082,0.7523181818181819,0.3449862970089782,2020-06-22
0.1510090909090909,0.16734905521392027,0.39616363636363644,0.198053318223917,2020-06-23
0.8284999999999999,0.2234504988907956,0.5345727272727273,0.403431159140304,2020-06-24
0.8593272727272727,0.21046274596235917,0.5578363636363636,0.29112386390028455,2020-06-25
0.503,0.34319934308053257,0.41462727272727273,0.2862779421563758,2020-06-26
0.6251454545454546,0.3183207769291747,0.47542727272727264,0.32131021286688344,2020-06-27
0.7087454545454546,0.3200568141713603,0.45729090909090914,0.33258195559904125,2020-06-28
0.7037818181818183,0.3333377315963273,0.31477272727272726,0.23835544157607486,2020-06-29
0.3531636363636364,0.414592286628962,0.643090909090909,0.3426409449994011,2020-06-30
0.7409727272727273,0.3330716114398035,0.5529454545454545,0.39764982622594053,2020-07-01
0.5710454545454545,0.39369760976399676,0.5178545454545455,0.3178946605506478,2020-07-02
0.6463272727272726,0.3518280264067791,0.5298999999999999,0.352818701833727,2020-07-03
0.6778727272727273,0.3272063071488942,0.4899454545454546,0.275840083327728,2020-07-04
0.1772818181818182,0.1439045821380632,0.13484545454545452,0.2393705889264076,2020-07-05
0.8201636363636363,0.25272253658086724,0.5193454545454546,0.2973541334186512,2020-07-06
0.7151181818181818,0.305809824499362,0.45247272727272725,0.33566713515003926,2020-07-07
0.7137727272727274,0.3154412323625118,0.4545818181818182,0.3247568735872249,2020-07-08
0.2295727272727273,0.35824991553867963,0.2959545454545454,0.2922812697747788,2020-07-09
0.5100818181818182,0.4081954942029656,0.26243636363636363,0.3195564803477335,2020-07-10
0.40820909090909097,0.4053053673792716,0.49139090909090904,0.2696343802415865,2020-07-11
0.1401,0.211671885881728,0.5999,0.27403020404194994,2020-07-12
0.8398090909090907,0.2146769304392298,0.762818181818182,0.3054376080260815,2020-07-13
0.5499727272727273,0.403048391163933,0.3123090909090909,0.33509377643917004,2020-07-14
0.19343636363636366,0.31844792430767666,0.13074545454545455,0.2288481646842265,2020-07-15
0.3140272727272728,0.2760723195465904,0.11463636363636365,0.17376591502115857,2020-07-16
0.5520909090909091,0.4475989285358559,0.10640909090909091,0.16851797020196907,2020-07-17
0.6273272727272727,0.4156386632005105,0.35133636363636367,0.36170737110826146,2020-07-18
0.9355272727272727,0.13799585033885547,0.5118272727272727,0.41397383995282755,2020-07-19
0.05945555555555556,0.16502229553818284,0.15560000000000002,0.20919637770392788,2020-07-20
0.6006727272727272,0.4403641635384578,0.48460909090909093,0.4116645687815295,2020-07-21
0.44531818181818184,0.36700909034613055,0.7989818181818182,0.07888458563775098,2020-07-22
0.9554727272727273,0.13579698812371016,0.21789090909090908,0.2111054387764364,2020-07-23
0.9265999999999999,0.1401888855664515,0.5559727272727273,0.37709188918957404,2020-07-24
0.4910181818181819,0.38859146300963293,0.5051636363636364,0.26362253067157587,2020-07-25
0.5185,0.3785820866914286,0.3328,0.3360240656965997,2020-07-26
0.7567545454545453,0.3429910027010684,0.6538818181818182,0.2799630424251868,2020-07-27
0.5924454545454547,0.45693193518119274,0.26140909090909087,0.2585701714307337,2020-07-28
0.6771181818181818,0.36014112591942676,0.6279,0.33255295135443536,2020-07-29
0.7616181818181817,0.2893659834823268,0.5918181818181819,0.4444380820320538,2020-07-30
0.5304636363636364,0.38045826738702965,0.49749090909090915,0.3251615527271034,2020-07-31
0.27333636363636366,0.357881751097475,0.6907999999999999,0.23259386375084243,2020-08-01
0.5641454545454545,0.34558126886223123,0.2641909090909091,0.32695652325526947,2020-08-02
0.47900000000000004,0.2843065151301576,0.0948090909090909,0.1670306093589134,2020-08-03
0.7102909090909091,0.36220239810095495,0.49630909090909087,0.2902582406771455,2020-08-04
0.6624545454545455,0.3947864793752702,0.18196363636363636,0.21635202069660484,2020-08-05
0.6738181818181819,0.41872469327749295,0.2349909090909091,0.25062717132877765,2020-08-06
0.6933272727272728,0.29505154585384535,0.2653181818181818,0.19821360295573615,2020-08-07
0.4872272727272727,0.43186001117977846,0.6738272727272728,0.2776441577759335,2020-08-08
0.843,0.21237839729210606,0.7277090909090909,0.24175607712412583,2020-08-09
0.5227363636363637,0.30445131055041913,0.3304,0.3437338002794393,2020-08-10
0.35792,0.08483889202482549,0.45658000000000004,0.35739008604044964,2020-08-11
0.2687,0.28281249168759404,0.5629909090909092,0.32087846596079855,2020-08-12
0.5752727272727273,0.38432719273345745,0.48357272727272727,0.3085980088632786,2020-08-13
0.3919181818181819,0.3805169923769546,0.5406,0.2674228248910838,2020-08-14
0.3226090909090909,0.31666906285884766,0.3558181818181818,0.2681424750802244,2020-08-15
0.8570272727272727,0.21402842245794063,0.6253636363636363,0.3472174515742058,2020-08-16
0.5638727272727273,0.34178873881898314,0.4486636363636363,0.3854300249490579,2020-08-17
0.6290363636363637,0.4017386718948871,0.3605727272727273,0.3628265904130289,2020-08-18
0.7267272727272728,0.3821021402973748,0.5287818181818181,0.21722429471602855,2020-08-19
0.309525,0.20431315883956178,0.511375,0.29807510274258064,2020-08-20
0.8245999999999999,0.28412031702335994,0.5340909090909091,0.20555691295310385,2020-08-21
0.3907545454545454,0.24167050206892843,0.38167272727272733,0.3756805100345701,2020-08-22
0.5966818181818182,0.32091364405732076,0.7054636363636363,0.26414889834308936,2020-08-23
0.7606636363636364,0.3787003523361236,0.7181181818181819,0.34469959996332467,2020-08-24
0.9334625000000001,0.1541720948931745,0.31920000000000004,0.26846037417093793,2020-08-25
0.9084727272727271,0.18653115796713957,0.46819090909090905,0.1365284948915624,2020-08-26
0.4915833333333334,0.31010861762005615,0.9120833333333334,0.13495077394697996,2020-08-27
0.3462,0.38438511228383254,0.3421090909090909,0.18847670439386816,2020-08-28
0.5795000000000001,0.16515461240909984,0.6587400000000001,0.20329961731395363,2020-08-29
0.6798181818181819,0.3082436073750814,0.527390909090909,0.280516959314067,2020-08-30
0.48735454545454543,0.3777066282510719,0.31289090909090905,0.31092482416332046,2020-08-31
0.6584545454545455,0.3908500953368099,0.34204545454545454,0.32798981237958197,2020-09-01
0.6841090909090909,0.35311542139426066,0.22764545454545457,0.3166560030972422,2020-09-02
0.047836363636363635,0.15127186407096377,0.06330000000000001,0.1732345755956881,2020-09-03
0.9460363636363636,0.13419880959184313,0.5819454545454545,0.29261227639578047,2020-09-04
0.7522454545454544,0.27581578952639046,0.4681272727272727,0.3425925836136962,2020-09-05
0.9148818181818181,0.15010589485233913,0.15460000000000002,0.22463321214815946,2020-09-06
0.7005818181818182,0.3652411776501106,0.2870818181818182,0.3479095462856606,2020-09-07
0.618190909090909,0.3641201161818233,0.4443454545454545,0.28564614588885495,2020-09-08
0.8308090909090908,0.2741199089136174,0.37641818181818176,0.30129813328988103,2020-09-09
0.2691818181818182,0.1783025611307508,0.701590909090909,0.07347676756567903,2020-09-10
0.059527272727272734,0.1479509690951646,0.07830000000000001,0.17210998069416383,2020-09-11
0.7102545454545455,0.20709841035181303,0.3946636363636364,0.30782840341725004,2020-09-12
0.2521636363636364,0.3802277960111598,0.10561818181818182,0.16686123150244456,2020-09-13
0.5735454545454547,0.37386621419393123,0.5004454545454546,0.33864401894946844,2020-09-14
0.5960727272727273,0.3400558298838832,0.4092454545454545,0.31234185340493476,2020-09-15
0.7041181818181819,0.3577285634723162,0.4191909090909091,0.3366803864863947,2020-09-16
0.1688909090909091,0.21880562338853699,0.5986000000000001,0.21686026921415635,2020-09-17
0.7834272727272726,0.31843256483454613,0.5139727272727274,0.39812767959060363,2020-09-18
0.09006363636363636,0.15017910078985555,0.3301090909090909,0.22302346168690396,2020-09-19
0.7017363636363636,0.3862241654148705,0.6463090909090909,0.33753507684264994,2020-09-20
0.9205363636363636,0.1495293542037651,0.3478272727272727,0.3718228906125483,2020-09-21
0.700409090909091,0.3008828689481112,0.5558363636363637,0.2863700538963441,2020-09-22
0.9078272727272728,0.18650871825057153,0.7161818181818181,0.24725949864347269,2020-09-23
0.949990909090909,0.13465983037771645,0.6451272727272728,0.36675374966394275,2020-09-24
0.6358818181818182,0.3523646169889723,0.17681818181818182,0.2642031994100609,2020-09-25
0.7777181818181816,0.30328373099723516,0.5652999999999999,0.27563054983074714,2020-09-26
0.7647272727272728,0.3251647361259131,0.1239,0.22940017436785004,2020-09-27
0.8302545454545455,0.2968042096112776,0.3049090909090909,0.38407469078184986,2020-09-28
0.6111545454545455,0.3691708827374621,0.38473636363636365,0.3107007893389841,2020-09-29
0.7849636363636363,0.3100446456787305,0.18662727272727275,0.20262537798028385,2020-09-30
0.5118818181818182,0.44395714129382474,0.22153636363636367,0.22072472066818793,2020-10-01
0.5,0.0,0.5,0.0,2020-10-02
0.4359454545454545,0.36850679866341274,0.3959909090909091,0.24509557488140474,2020-10-03
0.35790909090909095,0.29831867175447696,0.4638454545454546,0.2719695683632683,2020-10-04
0.8686636363636363,0.2820733569085992,0.5578090909090908,0.4054410448221126,2020-10-05
0.5967,0.33024808856373417,0.23682727272727275,0.28495810885400835,2020-10-06
0.34566363636363634,0.37169700336974687,0.4371181818181818,0.3275420856183823,2020-10-07
0.48400000000000004,0.36565410381447055,0.6166363636363636,0.37112987991887025,2020-10-08
0.43831818181818183,0.4302657251221343,0.4292818181818182,0.3220579474063686,2020-10-09
0.6763909090909092,0.43379568809321345,0.5815181818181819,0.3322965811609257,2020-10-10
0.6175909090909091,0.3663487768247517,0.19250909090909094,0.19282761710231078,2020-10-11
0.47806363636363636,0.3675232961638493,0.4279363636363636,0.2705648444298008,2020-10-12
0.42726363636363635,0.2523929449839792,0.2824363636363636,0.3401031775872708,2020-10-13
0.4590181818181819,0.42338605383091255,0.24830909090909092,0.263258526425142,2020-10-14
0.4677636363636364,0.4243825445659039,0.49053636363636366,0.3111253394686844,2020-10-15
0.8349090909090908,0.16227868540118628,0.20791818181818178,0.12762783123513902,2020-10-16
0.29261818181818183,0.2695221725342895,0.35950000000000004,0.25507227852655273,2020-10-17
0.5,0.0,0.5,0.0,2020-10-18
0.4700000000000001,0.3513729435436733,0.1876545454545454,0.20373410641250642,2020-10-19
0.8138363636363636,0.25390672687113514,0.2279909090909091,0.2884513586048638,2020-10-20
0.7699818181818181,0.3729313239682264,0.45373636363636366,0.3542105646818449,2020-10-21
0.6270363636363636,0.3814980645077252,0.14336363636363636,0.19119540824044756,2020-10-22
0.7849090909090909,0.2524812268612369,0.2660181818181819,0.2952733766226626,2020-10-23
0.8414625,0.22234341083951645,0.32718749999999996,0.2959848452095985,2020-10-24
0.5,0.0,0.5,0.0,2020-10-25
0.9081181818181818,0.1431942089876658,0.35401818181818184,0.4003989165778227,2020-10-26
0.8200909090909092,0.24148308600489243,0.22435454545454547,0.2884500819068459,2020-10-27
0.7612545454545455,0.3462431577627501,0.23434545454545452,0.2841701518573187,2020-10-28
0.7551818181818182,0.33415983605612726,0.4397818181818182,0.3541882904952773,2020-10-29
0.7802727272727271,0.3378163866279731,0.4964272727272727,0.311836982735616,2020-10-30
0.6127272727272728,0.43524223995152,0.6981454545454544,0.3034602755600396,2020-10-31
0.5,0.0,0.5,0.0,2020-11-01
0.9169999999999999,0.17394572821324578,0.6780545454545455,0.30525038117357295,2020-11-02
0.7757000000000001,0.3773926867335932,0.1158909090909091,0.162914285631463,2020-11-03
0.6498636363636364,0.34730233690999046,0.22846363636363637,0.22362232476260369,2020-11-04
0.7093363636363637,0.39749701261936843,0.6652545454545454,0.3866504208375885,2020-11-05
0.6881727272727273,0.31927146355102975,0.27772727272727277,0.2615996215277673,2020-11-06
0.812825,0.279833413614243,0.3272625,0.29585809071875996,2020-11-07
0.7614636363636363,0.37716956946741,0.3310454545454546,0.33753465374586183,2020-11-08
0.10971818181818181,0.15759447854992092,0.4315090909090909,0.2616449240497353,2020-11-09
0.7754090909090908,0.3830978570798505,0.6884,0.31350419454929146,2020-11-10
0.7884,0.2689070369950451,0.22123636363636365,0.2904256821624151,2020-11-11
0.05054545454545455,0.1504999810548847,0.06780909090909092,0.1719046800068703,2020-11-12
0.8772181818181818,0.15742025293162837,0.7539727272727272,0.3021949132924555,2020-11-13
0.8135,0.28376520223593305,0.374375,0.2928341029917793,2020-11-14
0.7609000000000001,0.3765158719339489,0.3470636363636364,0.34358878771188434,2020-11-15
0.5051111111111112,0.3509920684271447,0.22704444444444447,0.237415988000018,2020-11-16
0.876581818181818,0.19470337261019677,0.5801272727272727,0.3409434079697341,2020-11-17
0.7975272727272728,0.22303499966234033,0.39088181818181816,0.3663698772308509,2020-11-18
0.7475636363636364,0.3347800968145217,0.348,0.33825949694388074,2020-11-19
0.7223090909090909,0.3761742426408888,0.5111909090909091,0.408426233363105,2020-11-20
0.8116125000000001,0.28261636734936285,0.32386249999999994,0.2990951183883649,2020-11-21
0.6172727272727273,0.43821970224764717,0.4284181818181818,0.2990628447734137,2020-11-22
0.5444454545454546,0.349764906404382,0.19795454545454547,0.24324979814487138,2020-11-23
0.6999909090909091,0.34285557376657877,0.2155090909090909,0.2772312505490529,2020-11-24
0.6659909090909092,0.3687140415861727,0.2801545454545455,0.3064934742405882,2020-11-25
0.7990818181818181,0.25714885260621756,0.3118,0.3531017030931354,2020-11-26
0.5485727272727273,0.4478127715319288,0.43450000000000005,0.37726013692025673,2020-11-27
0.813375,0.28368631333746086,0.343875,0.2824177347033999,2020-11-28
0.6296454545454546,0.4239112028879212,0.5152181818181818,0.27434190949576975,2020-11-29
0.6146727272727274,0.3625326896631257,0.18991818181818185,0.20390107145905037,2020-11-30
0.5206818181818181,0.3582405611728263,0.21224545454545451,0.21497106512964764,2020-12-01
0.8268272727272726,0.22478540914678885,0.3228090909090909,0.2697728824384941,2020-12-02
0.7960636363636362,0.2911801294192223,0.24511818181818182,0.27986292364844945,2020-12-03
0.9180181818181817,0.14281910247952775,0.9220454545454545,0.10633468059631655,2020-12-04
0.8579999999999999,0.2426145090467592,0.5878181818181818,0.34509660786558105,2020-12-05
0.8190545454545454,0.29868101063794206,0.5956727272727272,0.3313240931636935,2020-12-06
0.46452727272727273,0.3713785451552808,0.2655454545454546,0.35231722886067623,2020-12-07
0.6613909090909091,0.3496775201513153,0.9175,0.10851930703796445,2020-12-08
0.46136363636363636,0.42426972611284414,0.4056181818181818,0.18641972592747805,2020-12-09
0.6952454545454546,0.3455680234671246,0.26799999999999996,0.28997250026354376,2020-12-10
0.5349090909090909,0.4378736792823525,0.4020090909090909,0.17773662054003317,2020-12-11
0.8147375,0.2845378662739812,0.390825,0.2828056123470678,2020-12-12
0.6414545454545455,0.41458736849511285,0.34479090909090915,0.2694835277628991,2020-12-13
0.8966999999999999,0.13772475845289797,0.7714818181818182,0.3606874467109661,2020-12-14
0.6024818181818182,0.3704772593148215,0.2950181818181818,0.31858392591472606,2020-12-15
0.7730636363636364,0.24666322743488753,0.3674727272727273,0.3298419403590676,2020-12-16
0.5622727272727274,0.364838477563351,0.2352090909090909,0.21909294189928308,2020-12-17
0.6192363636363637,0.3550569794803166,0.3229454545454546,0.3316382266694081,2020-12-18
0.8605,0.19049885170257588,0.3409,0.2814895735191625,2020-12-19
0.644918181818182,0.409357849271674,0.36221818181818183,0.26466291706512546,2020-12-20
0.5612727272727273,0.3396989578781058,0.18322727272727277,0.2216799334458624,2020-12-21
0.29243636363636366,0.38985380540245707,0.44331818181818183,0.2536110078560967,2020-12-22
0.7291181818181819,0.3420854673062695,0.3840090909090909,0.34796551672033,2020-12-23
0.6105727272727274,0.3852690915354643,0.21954545454545454,0.2983452099456612,2020-12-24
0.7244,0.24923708683609963,0.15156363636363637,0.16921965968273456,2020-12-25
0.8033250000000001,0.30479395806839743,0.3248125,0.295955104017062,2020-12-26
0.761518181818182,0.37452691326569654,0.3205545454545454,0.34266877291910375,2020-12-27
0.5323272727272728,0.44633076012976797,0.7792909090909091,0.26456356670268544,2020-12-28
0.6594636363636365,0.32879483869187065,0.34557272727272725,0.3364350054506249,2020-12-29
0.6494090909090909,0.3926629307562437,0.32093636363636363,0.3186207813593608,2020-12-30
0.4336272727272727,0.44739283346743114,0.3025363636363636,0.20512604228410514,2020-12-31
0.8134625,0.28373392878496223,0.3230125,0.29759883836088813,2021-01-01
0.5,0.0,0.5,0.0,2021-01-02
0.645209090909091,0.40909220222017845,0.43231818181818177,0.29632095872299075,2021-01-03
0.4143545454545455,0.39500894434898876,0.4052363636363637,0.2902012445080992,2021-01-04
0.6656,0.37000066093307066,0.4012727272727272,0.30726044945884734,2021-01-05
0.5761545454545455,0.4104439865751507,0.35134545454545457,0.33111389516335304,2021-01-06
0.4499636363636364,0.4223913529433603,0.24062727272727272,0.2643958055330513,2021-01-07
0.9056727272727272,0.19636908241606066,0.6667454545454545,0.3839897355721809,2021-01-08
0.826111111111111,0.2697382329611204,0.39215555555555554,0.32857345909962254,2021-01-09
0.6195272727272728,0.4351761150090618,0.4259,0.2979767593133886,2021-01-10
0.1920272727272727,0.24187986909699652,0.06519090909090909,0.17300403281976068,2021-01-11
0.7973272727272728,0.30446989727575274,0.2621818181818182,0.3401016741510259,2021-01-12
0.8342454545454546,0.22591057508200962,0.31217272727272727,0.33252901743760127,2021-01-13
0.8275181818181817,0.26970754470244523,0.2912909090909091,0.344075603358399,2021-01-14
0.6283000000000001,0.38465885003349515,0.26660909090909085,0.3363797109181161,2021-01-15
0.8211888888888889,0.2799115631942999,0.39034444444444444,0.32850133133879084,2021-01-16
0.6175454545454546,0.4356298937142867,0.5557272727272727,0.263878694895656,2021-01-17
0.6138545454545455,0.33910405580169195,0.2807,0.33121544210816783,2021-01-18
0.8002363636363636,0.28058364584210815,0.2758363636363636,0.3319061786182334,2021-01-19
0.8718727272727271,0.22567344102368597,0.2571,0.3419845902961126,2021-01-20
0.7249454545454546,0.34726602682731544,0.2882090909090909,0.3238369720442833,2021-01-21
0.7000545454545455,0.3588293044778619,0.3194272727272727,0.3328277607819207,2021-01-22
0.8274222222222223,0.2705434809078356,0.4285888888888889,0.32871623170700637,2021-01-23
0.6440636363636364,0.4108635435335662,0.3322,0.2605972929462413,2021-01-24
0.48992727272727277,0.3771426016554893,0.5155090909090909,0.3726877353753052,2021-01-25
0.5123454545454545,0.4413487805757511,0.4642818181818181,0.38511288502837193,2021-01-26
0.7640454545454546,0.32557855737869684,0.3089454545454545,0.3272102559062719,2021-01-27
0.37454545454545457,0.426835915596351,0.27451818181818183,0.29553680533189963,2021-01-28
0.40984545454545457,0.42614019751002635,0.33567272727272723,0.3774483374423797,2021-01-29
0.8253777777777778,0.269321702627495,0.39115555555555553,0.32782572643644103,2021-01-30
0.6131272727272727,0.43290809457332563,0.49540000000000006,0.3009322182817918,2021-01-31
0.8305363636363636,0.29630085531348727,0.7169272727272727,0.3133514207604012,2021-02-01
0.7860363636363636,0.3194192692790729,0.5389636363636363,0.39377816845327174,2021-02-02
0.7617363636363635,0.3254137960776801,0.30818181818181817,0.3498731271817928,2021-02-03
0.8258777777777778,0.26960935022434784,0.4162444444444444,0.33108633352482786,2021-02-04
0.754481818181818,0.35689374486528475,0.4371272727272727,0.32150949396673156,2021-02-05
0.8271000000000001,0.2703514338371035,0.45186666666666664,0.3084008430598075,2021-02-06
0.6438727272727274,0.4061276111383288,0.4618909090909091,0.32044459868508673,2021-02-07
0.5,0.0,0.5,0.0,2021-02-08
0.6261727272727273,0.40131906846142235,0.46090909090909093,0.2780787967287018,2021-02-09
0.4190454545454546,0.4005547093801439,0.32588181818181816,0.296194959806672,2021-02-10
0.5,0.0,0.5,0.0,2021-02-11
0.5,0.0,0.5,0.0,2021-02-12
0.5,0.0,0.5,0.0,2021-02-13
0.5,0.0,0.5,0.0,2021-02-14
0.5,0.0,0.5,0.0,2021-02-15
0.5,0.0,0.5,0.0,2021-02-16
0.5,0.0,0.5,0.0,2021-02-17
0.812075,0.28288823212533953,0.3207625,0.2957610477120846,2021-02-18
0.8286333333333333,0.271280269176445,0.42369999999999997,0.3057487603318196,2021-02-19
0.8254111111111111,0.2693406576745205,0.38956666666666667,0.32931085280898015,2021-02-20
0.5,0.0,0.5,0.0,2021-02-21
0.8795454545454546,0.1446453365595647,0.42271818181818177,0.3352251938302257,2021-02-22
0.8085090909090908,0.21065901122018127,0.5753545454545453,0.2961223038593601,2021-02-23
0.8260666666666667,0.26971986702255857,0.4215,0.3342449235050383,2021-02-24
0.936218181818182,0.140394087017301,0.7209000000000001,0.3353568438652665,2021-02-25
0.8270333333333333,0.2703099455563311,0.44025555555555557,0.3174884498725412,2021-02-26
0.8256555555555556,0.2694806284982326,0.41606666666666664,0.3312635640828748,2021-02-27
0.5363727272727273,0.44274271430976725,0.4364272727272727,0.30511662476951956,2021-02-28
0.9551090909090909,0.13573707508900804,0.8174454545454545,0.26568699411709107,2021-03-01
0.8258444444444444,0.2695899524632471,0.3936666666666666,0.3255874315073534,2021-03-02
0.8269444444444445,0.27025482259490297,0.4068555555555555,0.3127897061076556,2021-03-03
0.9440454545454545,0.13449458497809402,0.7676545454545455,0.31518518759506897,2021-03-04
0.8140444444444445,0.29933443990556824,0.3856444444444444,0.33018631814682753,2021-03-05
0.813188888888889,0.29885977181594137,0.4128,0.3345062630205898,2021-03-06
0.6534909090909091,0.39129631054308206,0.45355454545454543,0.31866434425194273,2021-03-07
0.9081,0.17164533200760224,0.7727833333333334,0.1943816985269504,2021-03-08
0.5120545454545454,0.4300820753882309,0.4218727272727273,0.3248317860927381,2021-03-09
0.5865090909090909,0.40447042470718414,0.4788454545454545,0.3543729067307395,2021-03-10
0.6198363636363637,0.3927036524883439,0.47034545454545457,0.3067586121296393,2021-03-11
0.83301,0.2569617771186991,0.44826999999999995,0.3045797401338441,2021-03-12
0.8269444444444445,0.27025482259490297,0.4116444444444444,0.3103990625383578,2021-03-13
0.6492818181818182,0.3969485719338597,0.4544909090909091,0.3193962186106935,2021-03-14
0.5,0.0,0.5,0.0,2021-03-15
0.6213363636363637,0.37875751243129224,0.45703636363636363,0.3157142530624439,2021-03-16
